City_ID,City,Country,Lat,Lng,Max Temp,Humidity,Cloudiness,Wind Speed,Current Description
0,Alice Springs,AU,-23.7,133.88,69.8,22,0,4.7,clear sky
1,Chokurdakh,RU,70.63,147.92,-9.6,92,100,2.19,overcast clouds
2,Rikitea,PF,-23.12,-134.97,71.96,79,92,17.9,light rain
3,Mataura,NZ,-46.19,168.86,48.99,92,75,1.74,broken clouds
4,Touros,BR,-5.2,-35.46,84.2,70,75,17.22,shower rain
5,Port Alfred,ZA,-33.59,26.89,67.24,70,28,8.97,scattered clouds
6,Kholodnyy,RU,62.72,147.95,-5.42,88,98,4.16,overcast clouds
7,Saint-Philippe,RE,-21.36,55.77,75.2,78,0,14.99,clear sky
8,Hilo,US,19.73,-155.09,75.0,83,40,5.82,scattered clouds
9,Lorengau,PG,-2.02,147.27,79.39,77,94,3.47,overcast clouds
10,Victoria,HK,22.29,114.16,75.0,76,72,3.0,light rain
11,Luderitz,NA,-26.65,15.16,62.8,77,0,23.2,clear sky
12,Adrar,MR,20.5,-10.07,88.81,12,0,6.55,clear sky
13,Jumla,NP,29.27,82.18,43.02,60,0,3.06,clear sky
14,Caconda,AO,-13.73,15.07,63.82,77,81,11.65,broken clouds
15,Atuona,PF,-9.8,-139.03,76.93,75,21,14.88,few clouds
16,Abu Dhabi,AE,24.47,54.37,82.4,78,0,8.05,clear sky
17,Geraldton,AU,-28.77,114.6,57.2,87,75,4.7,broken clouds
18,Lagoa,PT,39.05,-27.98,60.03,64,91,11.68,overcast clouds
19,Albany,US,42.6,-73.97,69.01,40,19,2.37,few clouds
20,Bereznik,RU,62.86,42.71,35.33,88,99,13.67,overcast clouds
21,Taltal,CL,-25.4,-70.48,65.17,58,28,6.38,scattered clouds
22,Slavicin,CZ,49.09,17.87,42.01,94,0,0.67,clear sky
23,Ponta Do Sol,PT,32.67,-17.1,68.0,64,20,5.82,few clouds
24,Lisakovsk,KZ,52.54,62.49,35.13,83,75,23.13,broken clouds
25,Yellowknife,CA,62.46,-114.35,23.0,92,75,4.7,broken clouds
26,Saskylakh,RU,71.92,114.08,-10.61,87,0,11.16,clear sky
27,Mar Del Plata,AR,-38.0,-57.56,68.0,82,40,8.05,light rain
28,Klaksvik,FO,62.23,-6.59,42.8,87,100,5.82,overcast clouds
29,Riosucio,CO,5.42,-75.7,78.8,65,40,3.36,scattered clouds
30,Miri,MY,4.41,114.01,77.0,94,40,3.36,moderate rain
31,Codrington,AU,-38.27,141.97,50.94,88,65,7.27,broken clouds
32,Punta Arenas,CL,-53.15,-70.92,57.2,54,40,26.4,scattered clouds
33,Kapaa,US,22.08,-159.32,78.8,78,75,14.99,light rain
34,Lavrentiya,RU,65.58,-171.0,25.25,94,45,5.37,scattered clouds
35,Phangnga,TH,8.45,98.53,82.99,88,75,5.82,shower rain
36,Cape Town,ZA,-33.93,18.42,62.01,67,75,11.41,broken clouds
37,Sitka,US,57.05,-135.33,41.0,75,90,10.29,light rain
38,Upernavik,GL,72.79,-56.15,-1.95,74,0,7.2,clear sky
39,Thompson,CA,55.74,-97.86,12.2,85,75,10.29,light snow
40,Esperance,AU,-33.87,121.9,64.4,77,13,14.99,few clouds
41,Ndola,ZM,-12.96,28.64,78.3,18,58,8.01,broken clouds
42,Nikolskoye,RU,59.7,30.79,36.0,74,0,13.42,clear sky
43,Kristianstad,SE,56.03,14.15,48.0,93,14,4.7,few clouds
44,Malindi,KE,-3.22,40.12,79.36,83,2,11.05,light rain
45,Ushuaia,AR,-54.8,-68.3,55.4,47,40,26.4,shower rain
46,Vilhena,BR,-12.74,-60.15,89.6,49,40,9.17,scattered clouds
47,Bredasdorp,ZA,-34.53,20.04,57.2,82,63,9.17,broken clouds
48,Torbay,CA,47.67,-52.73,39.0,51,20,19.46,few clouds
49,Voh,NC,-20.97,164.7,68.25,83,3,7.43,clear sky
50,Norman Wells,CA,65.28,-126.83,15.8,92,75,8.05,broken clouds
51,Aklavik,CA,68.22,-135.01,8.6,84,40,3.36,scattered clouds
52,Gizo,SB,-8.1,156.84,82.47,74,92,5.91,overcast clouds
53,Hithadhoo,MV,-0.6,73.08,84.27,72,40,7.99,scattered clouds
54,Tiksi,RU,71.69,128.87,-7.08,92,49,2.62,scattered clouds
55,Avarua,CK,-21.21,-159.78,71.6,88,44,1.12,scattered clouds
56,Puerto Ayora,EC,-0.74,-90.35,75.2,73,40,18.34,scattered clouds
57,Barrow,US,71.29,-156.79,17.6,78,90,20.8,light snow
58,San-Pedro,CI,4.75,-6.64,79.18,87,75,6.89,light rain
59,Bengkulu,ID,-3.8,102.27,75.79,93,100,8.01,light rain
60,Khatanga,RU,71.97,102.5,9.75,91,100,19.39,overcast clouds
61,Jamestown,US,42.1,-79.24,71.01,39,1,4.7,clear sky
62,Hobart,AU,-42.88,147.33,46.0,93,6,8.05,clear sky
63,Nizwa,OM,22.93,57.53,73.27,55,66,5.82,broken clouds
64,Banting,MY,2.82,101.5,78.8,100,40,4.7,scattered clouds
65,Pachmarhi,IN,22.47,78.43,56.03,43,0,2.53,clear sky
66,Butaritari,KI,3.07,172.79,81.0,67,25,7.43,scattered clouds
67,Traverse City,US,44.76,-85.62,71.6,49,20,9.17,few clouds
68,Georgetown,MY,5.41,100.34,77.0,94,40,3.36,light rain
69,Mahebourg,MU,-20.41,57.7,73.4,94,75,6.93,broken clouds
70,Madisonville,US,37.33,-87.5,81.0,39,1,10.29,clear sky
71,San Cristobal,VE,7.77,-72.22,82.4,65,40,4.7,scattered clouds
72,Busselton,AU,-33.65,115.33,57.99,74,32,11.83,light rain
73,Tuktoyaktuk,CA,69.45,-133.04,14.0,92,40,4.7,scattered clouds
74,Carnarvon,AU,-24.87,113.63,69.8,73,90,10.29,overcast clouds
75,Qaanaaq,GL,77.48,-69.36,-6.88,72,82,11.63,broken clouds
76,Talant,FR,47.34,5.01,57.2,87,90,4.7,overcast clouds
77,Dikson,RU,73.51,80.55,2.75,94,99,11.14,overcast clouds
78,Caravelas,BR,-17.71,-39.25,81.79,67,100,9.53,overcast clouds
79,Asyut,EG,27.18,31.18,71.6,46,0,4.7,clear sky
80,Portland,US,45.52,-122.68,43.0,69,20,5.82,few clouds
81,Guerrero Negro,MX,27.98,-114.06,67.89,51,30,14.67,scattered clouds
82,Khorinsk,RU,52.17,109.77,28.36,96,99,5.53,overcast clouds
83,Leningradskiy,RU,69.38,178.42,18.1,96,100,5.35,overcast clouds
84,Bluff,NZ,-46.6,168.33,48.99,92,83,4.88,broken clouds
85,Chapleau,CA,47.84,-83.4,60.8,63,5,11.41,clear sky
86,Progreso,MX,21.28,-89.67,86.0,66,75,10.29,broken clouds
87,Pangnirtung,CA,66.15,-65.71,12.2,72,90,3.36,overcast clouds
88,Lamu,KE,-2.27,40.9,80.6,83,20,4.7,few clouds
89,Cherskiy,RU,68.75,161.3,3.54,94,99,0.09,overcast clouds
90,Vaini,TO,-21.2,-175.2,71.6,88,20,15.3,few clouds
91,Tigil,RU,57.8,158.67,23.18,86,0,1.63,clear sky
92,Provideniya,RU,64.38,-173.3,27.52,96,99,11.21,overcast clouds
93,Comodoro Rivadavia,AR,-45.87,-67.5,77.0,27,0,13.87,clear sky
94,San Patricio,US,28.02,-97.52,82.99,58,75,6.93,broken clouds
95,Anadyr,RU,64.75,177.48,1.4,84,0,2.24,clear sky
96,Cidreira,BR,-30.18,-50.21,70.27,77,91,14.61,overcast clouds
97,Ponta Delgada,PT,37.73,-25.67,62.6,72,20,11.41,few clouds
98,Ravar,IR,31.27,56.81,61.14,29,40,7.81,scattered clouds
99,Maceio,BR,-9.67,-35.74,86.0,51,40,3.36,scattered clouds
100,Bambanglipuro,ID,-7.95,110.28,78.01,83,81,3.58,broken clouds
101,Forio,IT,40.73,13.86,64.0,77,5,2.24,clear sky
102,Witu,KE,-2.39,40.44,80.6,83,20,4.7,few clouds
103,Youkounkoun,GN,12.53,-13.13,90.46,24,0,0.47,clear sky
104,New Norfolk,AU,-42.78,147.06,46.0,77,4,2.46,clear sky
105,Port Lincoln,AU,-34.73,135.87,63.63,62,37,13.42,light rain
106,Marawi,PH,8.0,124.29,75.99,91,100,1.99,overcast clouds
107,Faanui,PF,-16.48,-151.75,78.37,76,0,13.11,light rain
108,Souillac,MU,-20.52,57.52,73.4,94,75,6.93,broken clouds
109,Walvis Bay,NA,-22.96,14.51,66.2,68,1,17.22,clear sky
110,Flinders,AU,-34.58,150.86,59.0,83,78,1.01,broken clouds
111,Lompoc,US,34.64,-120.46,55.4,62,40,14.99,scattered clouds
112,Fairbanks,US,64.84,-147.72,32.0,94,90,8.05,overcast clouds
113,Alta Floresta,BR,-9.88,-56.09,87.8,66,40,4.7,scattered clouds
114,Talnakh,RU,69.49,88.4,23.0,92,75,24.61,light shower snow
115,Beidao,CN,34.57,105.89,47.26,66,27,2.46,scattered clouds
116,Ucluelet,CA,48.93,-125.55,45.0,39,5,6.93,clear sky
117,Blessington,IE,53.17,-6.53,54.0,81,20,5.82,few clouds
118,Atar,MR,20.52,-13.05,95.2,11,34,11.77,scattered clouds
119,Sabang,ID,5.89,95.32,81.41,75,97,2.57,overcast clouds
120,Kutum,SD,14.2,24.67,72.75,24,0,11.32,clear sky
121,Port Blair,IN,11.67,92.75,80.82,83,7,7.0,light rain
122,Teguise,ES,29.06,-13.56,71.6,68,20,9.17,few clouds
123,Sinnamary,GF,5.38,-52.95,85.44,66,60,14.27,broken clouds
124,Ahipara,NZ,-35.17,173.17,55.42,82,26,11.95,scattered clouds
125,Tukrah,LY,32.53,20.58,65.77,67,19,13.69,few clouds
126,Tilichiki,RU,60.47,166.1,11.03,94,97,11.9,overcast clouds
127,Toora-Khem,RU,52.47,96.11,27.14,96,1,2.28,clear sky
128,Khani,GE,41.96,42.96,50.0,93,0,9.17,clear sky
129,Kalabo,ZM,-14.97,22.68,85.06,32,45,4.14,scattered clouds
130,Kavieng,PG,-2.57,150.8,81.37,72,24,3.42,light rain
131,Hermanus,ZA,-34.42,19.23,57.0,84,21,1.01,light rain
132,Vila,PT,42.03,-8.16,55.0,91,68,5.5,light rain
133,Ongandjera,NA,-17.88,15.07,89.6,13,0,4.21,clear sky
134,Poum,NC,-20.23,164.02,75.0,74,81,20.38,broken clouds
135,Yuxia,CN,34.06,108.63,57.0,71,91,2.24,overcast clouds
136,Raga,SS,8.46,25.68,79.12,33,0,2.51,clear sky
137,Vila Franca Do Campo,PT,37.72,-25.43,62.6,72,20,11.41,few clouds
138,Beloha,MG,-25.17,45.05,73.65,80,0,10.13,clear sky
139,Westport,US,41.14,-73.36,73.0,59,1,5.82,clear sky
140,Dongzhen,CN,22.38,110.94,65.17,65,0,5.82,clear sky
141,Batemans Bay,AU,-35.72,150.18,55.99,90,68,2.93,broken clouds
142,Melilla,ES,35.29,-2.94,66.2,82,75,3.36,broken clouds
143,Yanam,IN,16.73,82.22,73.17,72,0,3.91,clear sky
144,Flin Flon,CA,54.77,-101.86,15.8,85,90,10.29,overcast clouds
145,Longyearbyen,SJ,78.22,15.64,28.4,79,75,17.22,light snow
146,Kaohsiung,TW,22.62,120.31,71.6,78,75,3.36,broken clouds
147,Cravo Norte,CO,6.3,-70.2,88.79,60,96,3.36,light rain
148,Villarrobledo,ES,39.27,-2.6,55.0,76,41,5.17,scattered clouds
149,Pevek,RU,69.7,170.31,14.83,95,92,1.7,overcast clouds
150,Bambous Virieux,MU,-20.34,57.76,73.99,94,75,6.93,broken clouds
151,Kodiak,US,57.79,-152.41,46.4,75,75,5.82,broken clouds
152,Harper,LR,4.38,-7.72,80.22,83,83,7.29,light rain
153,Tual,ID,-5.67,132.75,83.07,74,93,6.71,overcast clouds
154,Yulara,AU,-25.24,130.99,78.8,16,52,6.93,broken clouds
155,Killybegs,IE,54.63,-8.45,55.4,82,75,10.29,broken clouds
156,Klamath Falls,US,42.22,-121.78,30.99,58,75,10.29,broken clouds
157,Conceicao Do Araguaia,BR,-8.26,-49.26,92.12,54,36,3.31,scattered clouds
158,Taylor,US,32.3,-99.83,73.4,53,75,20.8,broken clouds
159,Cayenne,GF,4.93,-52.33,89.6,62,40,16.11,scattered clouds
160,Port Keats,AU,-14.25,129.55,83.08,74,41,4.18,scattered clouds
161,Denpasar,ID,-8.65,115.22,82.4,88,20,2.24,few clouds
162,Arraial Do Cabo,BR,-22.97,-42.03,77.0,83,75,12.75,broken clouds
163,Haileybury,CA,47.45,-79.64,60.8,63,1,13.87,clear sky
164,Ternate,ID,0.8,127.4,80.31,76,87,6.8,overcast clouds
165,Sao Lourenco Do Sul,BR,-31.37,-51.98,77.0,65,40,14.99,scattered clouds
166,Shakawe,BW,-18.37,21.85,78.76,50,77,12.46,broken clouds
167,Suntar,RU,62.14,117.63,-2.16,90,11,4.83,few clouds
168,Ayan,RU,56.45,138.17,6.55,87,70,18.43,broken clouds
169,Camalu,MX,30.85,-116.07,57.0,56,79,4.0,broken clouds
170,Ribeira Grande,PT,38.52,-28.7,62.6,48,75,8.05,broken clouds
171,Pierre,US,44.37,-100.35,66.2,52,40,26.4,scattered clouds
172,Airai,TL,-8.93,125.41,61.07,85,94,2.08,overcast clouds
173,Richards Bay,ZA,-28.78,32.04,75.69,88,20,10.78,few clouds
174,Muros,ES,42.78,-9.06,57.99,87,75,13.87,broken clouds
175,Clyde River,CA,70.47,-68.59,-0.4,70,20,19.46,few clouds
176,Labuhan,ID,-6.88,112.21,79.99,77,100,6.4,overcast clouds
177,Salinopolis,BR,-0.61,-47.36,85.44,65,62,17.65,broken clouds
178,Staines,GB,51.43,-0.51,57.0,93,90,1.12,overcast clouds
179,Komsomolskiy,UZ,40.43,71.72,53.6,37,90,2.24,mist
180,Alto Araguaia,BR,-17.31,-53.22,92.21,35,25,9.35,scattered clouds
181,Constitucion,CL,-35.33,-72.42,65.14,51,29,10.29,scattered clouds
182,Luanda,AO,-8.84,13.23,78.8,83,20,10.29,few clouds
183,Namibe,AO,-15.2,12.15,70.48,71,34,7.07,scattered clouds
184,Thinadhoo,MV,0.53,72.93,84.54,75,38,12.37,scattered clouds
185,Carbondale,US,37.73,-89.22,77.0,57,20,16.11,few clouds
186,Kaitangata,NZ,-46.28,169.85,48.0,84,28,1.99,scattered clouds
187,Peniche,PT,39.36,-9.38,63.0,86,3,7.0,clear sky
188,Pingliang,CN,35.54,106.69,45.5,73,93,5.14,overcast clouds
189,Nedjo,ET,9.5,35.5,58.1,91,61,2.37,broken clouds
190,Russell,US,32.35,-85.2,71.6,78,90,5.82,overcast clouds
191,Quelimane,MZ,-17.88,36.89,80.6,83,0,17.22,clear sky
192,Nizhniy Kuranakh,RU,58.84,125.49,-2.15,90,99,3.24,overcast clouds
193,Dunedin,NZ,-45.87,170.5,50.0,77,30,6.49,scattered clouds
194,Sisimiut,GL,66.94,-53.67,10.62,85,0,12.19,clear sky
195,Dingle,PH,11.0,122.67,74.8,88,84,2.48,broken clouds
196,Monte Carmelo,BR,-18.72,-47.5,89.65,35,6,6.06,clear sky
197,Abastumani,GE,41.71,42.85,50.0,93,0,9.17,clear sky
198,Tombouctou,ML,20.0,-3.0,87.01,13,20,5.26,few clouds
199,Batticaloa,LK,7.71,81.69,82.06,79,73,14.92,heavy intensity rain
200,Havelock,US,34.88,-76.9,80.01,69,40,11.41,scattered clouds
201,Altamira,BR,-3.2,-52.21,91.4,59,75,5.82,broken clouds
202,Bonavista,CA,48.65,-53.11,37.4,51,98,8.05,overcast clouds
203,Mayo,US,38.89,-76.51,75.99,72,1,3.36,clear sky
204,Khandbari,NP,27.37,87.2,60.55,49,0,3.11,clear sky
205,Itarema,BR,-2.92,-39.92,86.88,59,4,20.76,clear sky
206,Mitu,CO,1.2,-70.17,91.87,51,86,1.21,light rain
207,Nueva Guinea,NI,11.69,-84.46,83.07,76,23,14.36,few clouds
208,Nacozari,MX,25.34,-108.26,86.0,63,30,11.99,scattered clouds
209,Ostrovnoy,RU,68.05,39.51,37.67,80,80,13.98,light rain
210,Pechenga,RU,69.53,31.17,32.0,93,0,29.97,clear sky
211,Rocha,UY,-34.48,-54.33,70.88,58,9,12.44,clear sky
212,La Ciotat,FR,43.17,5.6,62.01,89,4,12.48,clear sky
213,Salalah,OM,17.02,54.09,80.6,83,40,2.24,scattered clouds
214,Ararangua,BR,-28.93,-49.49,75.06,67,32,10.16,scattered clouds
215,Toamasina,MG,-18.17,49.38,78.8,94,75,5.82,shower rain
216,Nara,JP,34.69,135.8,57.0,64,27,6.87,scattered clouds
217,Kashi,CN,39.45,75.98,44.6,30,20,8.95,few clouds
218,Loreto,MX,22.27,-101.97,72.03,26,44,8.88,scattered clouds
219,Balabac,PH,7.99,117.06,80.01,79,16,4.38,few clouds
220,Sao Filipe,CV,14.9,-24.5,81.1,70,88,10.2,overcast clouds
221,Katsuura,JP,35.13,140.3,59.0,47,75,27.51,broken clouds
222,Port-Gentil,GA,-0.72,8.78,78.8,88,75,9.17,broken clouds
223,Gavrilovka Vtoraya,RU,52.88,42.77,47.37,89,100,17.36,light rain
224,Port Elizabeth,ZA,-33.92,25.57,60.01,89,18,8.01,light rain
225,Lebu,CL,-37.62,-73.65,57.63,67,3,17.38,clear sky
226,Edwardsville,US,38.81,-89.95,72.0,80,58,1.99,broken clouds
227,Srednekolymsk,RU,67.45,153.68,-4.83,92,93,5.75,overcast clouds
228,Talaya,RU,61.38,152.75,-6.03,89,98,3.53,overcast clouds
229,Fasa,IR,28.94,53.65,60.8,48,0,1.14,clear sky
230,Waipawa,NZ,-41.41,175.52,51.8,62,98,28.86,overcast clouds
231,Kupang,ID,-10.17,123.58,80.73,80,90,7.52,light rain
232,San Rafael,AR,-34.62,-68.33,90.28,20,3,17.98,clear sky
233,Rio Gallegos,AR,-51.62,-69.22,68.0,37,75,16.11,broken clouds
234,Nyakahanga,TZ,-1.6,31.14,63.32,87,40,2.95,scattered clouds
235,Gat,IL,31.61,34.76,71.01,100,47,1.01,scattered clouds
236,Husavik,IS,66.04,-17.34,30.2,86,0,3.36,clear sky
237,Yagodnoye,RU,62.55,149.67,-2.42,89,100,2.93,overcast clouds
238,Tuatapere,NZ,-46.13,167.68,48.99,92,95,3.02,overcast clouds
239,Hamilton,US,39.18,-84.53,77.0,43,1,3.36,clear sky
240,Ladario,BR,-19.0,-57.6,104.0,31,20,10.29,few clouds
241,Inuvik,CA,68.35,-133.72,21.2,85,86,4.7,overcast clouds
242,Buin,CL,-33.73,-70.75,84.0,32,0,6.93,clear sky
243,Sola,VU,-13.88,167.55,81.27,80,16,13.4,few clouds
244,Hokitika,NZ,-42.72,170.97,43.63,74,21,6.55,few clouds
245,Linhares,BR,-19.39,-40.07,83.28,72,44,9.24,light rain
246,La Ronge,CA,55.1,-105.28,14.0,85,100,11.41,overcast clouds
247,Severo-Kurilsk,RU,50.68,156.12,34.54,84,90,4.07,overcast clouds
248,Yasnyy,RU,51.03,59.87,34.47,87,95,25.17,overcast clouds
249,Vitim,RU,59.45,112.56,13.62,95,98,3.29,light snow
250,Manggar,ID,-2.88,108.27,79.03,81,100,1.45,overcast clouds
251,Acarau,BR,-2.89,-40.12,87.96,56,7,22.15,clear sky
252,Charters Towers,AU,-20.1,146.27,69.91,73,93,17.54,moderate rain
253,Cherlak,RU,54.16,74.81,38.97,75,82,20.2,broken clouds
254,Akdepe,TM,42.06,59.38,44.6,80,0,6.93,clear sky
255,Argayash,RU,55.49,60.88,37.4,59,40,26.84,scattered clouds
256,Lasa,IT,46.62,10.7,46.0,65,5,1.01,clear sky
257,Bowen,AU,-20.02,148.23,73.4,69,40,9.17,scattered clouds
258,Xingcheng,CN,40.62,120.72,37.0,59,0,4.38,clear sky
259,Rorvik,NO,64.86,11.24,42.8,87,75,11.41,shower rain
260,Chapais,CA,49.78,-74.85,35.6,93,90,5.82,overcast clouds
261,Zhigansk,RU,66.77,123.37,-16.35,89,13,3.22,few clouds
262,Tautira,PF,-17.73,-149.15,82.4,69,75,4.7,broken clouds
263,Ouadda,CF,8.08,22.4,73.71,54,80,2.08,broken clouds
264,Kavaratti,IN,10.57,72.64,83.59,75,0,5.55,clear sky
265,Shingu,JP,33.73,135.98,50.79,76,0,5.66,clear sky
266,Kirkwall,GB,58.98,-2.96,50.0,93,100,14.99,moderate rain
267,Bensonville,LR,6.45,-10.61,86.0,74,40,9.17,scattered clouds
268,Quilmana,PE,-12.95,-76.38,72.43,54,84,10.2,broken clouds
269,Castro,BR,-24.79,-50.01,85.21,30,8,4.83,clear sky
270,Narsaq,GL,60.92,-46.05,33.8,80,90,4.7,light rain and snow
271,Vanavara,RU,60.34,102.28,30.6,98,99,7.05,overcast clouds
272,Saldanha,ZA,-33.01,17.94,60.8,72,19,8.05,few clouds
273,Beaverlodge,CA,55.22,-119.44,14.0,85,20,2.24,few clouds
274,Bethel,US,41.37,-73.41,73.99,37,1,3.36,clear sky
275,Mul,IN,20.07,79.67,62.58,53,0,4.29,clear sky
276,Nome,US,64.5,-165.41,26.6,79,1,7.36,clear sky
277,Muroto,JP,33.28,134.15,60.39,59,0,13.27,clear sky
278,Nemuro,JP,43.32,145.57,41.9,86,86,16.15,light rain
279,Hami,CN,42.8,93.45,37.47,64,0,3.98,clear sky
280,Komsomolets,KZ,53.75,62.07,36.12,80,63,24.07,broken clouds
281,College,US,64.86,-147.8,32.0,94,90,8.05,overcast clouds
282,Half Moon Bay,US,37.46,-122.43,55.99,62,1,27.51,haze
283,Cochabamba,BO,-17.39,-66.16,80.6,25,20,9.17,few clouds
284,Landsberg,PL,52.74,15.23,45.0,84,0,3.0,clear sky
285,Atambua,ID,-9.11,124.89,74.95,78,100,3.33,overcast clouds
286,Keflavik,IS,64.0,-22.56,39.2,93,75,19.46,broken clouds
287,Mikhaylovka,RU,50.06,43.24,46.0,88,95,5.99,overcast clouds
288,Karratha,AU,-20.74,116.85,70.07,77,0,15.14,light rain
289,Honiara,SB,-9.43,159.95,73.4,100,20,3.36,few clouds
290,Belle Glade,US,26.68,-80.67,75.0,96,100,1.01,moderate rain
291,Oksfjord,NO,70.24,22.35,33.8,80,75,16.11,light rain
292,Brighton,GB,50.83,-0.14,57.2,100,75,4.7,light intensity drizzle
293,Cam Ranh,VN,11.92,109.16,82.4,69,40,19.46,scattered clouds
294,Zhicheng,CN,30.3,111.5,55.0,61,0,3.22,light rain
295,Zhangye,CN,38.93,100.45,43.5,44,0,7.27,clear sky
296,Mabaruma,GY,8.2,-59.78,79.63,89,99,3.53,light rain
297,Omboue,GA,-1.57,9.26,75.83,91,100,6.53,light rain
298,Bandarbeyla,SO,9.49,50.81,77.81,82,12,14.16,few clouds
299,Cabo San Lucas,MX,22.89,-109.91,84.99,65,5,11.41,clear sky
300,Malambo,CO,10.86,-74.77,89.6,62,40,3.36,scattered clouds
301,Kuopio,FI,62.89,27.68,33.8,86,0,10.29,clear sky
302,Pacific Grove,US,36.62,-121.92,55.99,50,75,24.16,broken clouds
303,Chuy,UY,-33.7,-53.46,69.19,62,18,12.06,few clouds
304,East London,ZA,-33.02,27.91,69.8,73,40,6.93,scattered clouds
305,Pontes E Lacerda,BR,-15.23,-59.34,95.16,33,64,4.0,moderate rain
306,Ancud,CL,-41.87,-73.82,70.0,52,0,12.75,clear sky
307,Kyshtovka,RU,56.55,76.63,37.71,83,98,20.67,overcast clouds
308,Benjamin Constant,BR,-4.38,-70.03,82.4,78,75,3.36,broken clouds
309,Manaure,CO,11.78,-72.44,83.61,72,17,10.36,few clouds
310,Ingham,US,42.6,-84.38,73.99,43,75,4.7,broken clouds
311,Buala,SB,-8.14,159.59,81.34,76,77,5.64,broken clouds
312,San Carlos De Bariloche,AR,-41.15,-71.31,71.6,35,40,3.36,scattered clouds
313,Olafsvik,IS,64.89,-23.71,42.48,78,69,20.54,broken clouds
314,Trelew,AR,-43.25,-65.31,86.92,14,94,11.39,overcast clouds
315,Atbasar,KZ,51.8,68.33,36.63,80,95,19.37,overcast clouds
316,Sopot,PL,54.44,18.56,48.0,87,90,3.36,overcast clouds
317,Tasiilaq,GL,65.61,-37.64,30.2,100,100,41.38,heavy snow
318,Meulaboh,ID,4.14,96.13,76.55,87,100,3.36,overcast clouds
319,Santa Helena De Goias,BR,-17.81,-50.6,94.35,30,22,5.64,few clouds
320,Morant Bay,JM,17.88,-76.41,78.01,100,90,11.41,shower rain
321,Arlit,NE,18.74,7.39,79.14,22,0,19.51,clear sky
322,Port-Cartier,CA,50.03,-66.87,32.0,68,97,4.7,overcast clouds
323,Malmesbury,ZA,-33.46,18.73,60.01,67,75,11.41,broken clouds
324,Kloulklubed,PW,7.04,134.26,80.6,78,90,12.75,overcast clouds
325,Buzmeyin,TM,38.05,58.21,51.8,87,90,2.24,overcast clouds
326,Inhambane,MZ,-23.86,35.38,78.8,94,75,18.34,broken clouds
327,Cockburn Town,TC,21.46,-71.14,82.4,78,75,13.87,broken clouds
328,Daru,PG,-9.08,143.21,80.65,85,72,13.98,light rain
329,Pangkalanbuun,ID,-2.68,111.62,74.25,96,77,1.5,light rain
330,Usinsk,RU,65.99,57.53,27.46,98,96,10.22,light snow
331,Cape Canaveral,US,28.41,-80.6,79.0,74,1,19.46,clear sky
332,Beringovskiy,RU,63.05,179.32,19.78,92,11,11.52,few clouds
333,High Level,CA,58.52,-117.14,6.8,100,5,2.24,smoke
334,Chelbasskaya,RU,45.98,39.37,47.89,78,0,5.79,clear sky
335,Hasaki,JP,35.73,140.83,55.4,76,40,11.41,scattered clouds
336,Samarai,PG,-10.62,150.67,80.04,84,63,16.67,moderate rain
337,Wewak,PG,-3.55,143.63,78.44,77,100,1.03,overcast clouds
338,Dalvik,IS,65.97,-18.53,30.2,86,0,3.36,clear sky
339,Khuzdar,PK,27.74,66.64,58.62,33,0,1.52,clear sky
340,Henties Bay,NA,-22.12,14.28,61.0,87,10,13.18,clear sky
341,Bubaque,GW,11.28,-15.83,85.12,73,40,12.39,scattered clouds
342,Ambilobe,MG,-13.2,49.05,78.37,71,97,11.39,overcast clouds
343,Chimbote,PE,-9.09,-78.58,68.04,68,19,14.03,few clouds
344,Lata,PT,40.16,-8.33,63.0,85,56,3.8,broken clouds
345,Grindavik,IS,63.84,-22.43,39.2,93,75,19.46,broken clouds
346,Pontalina,BR,-17.52,-49.45,91.72,34,100,8.59,light rain
347,Sao Joao Da Barra,BR,-21.64,-41.05,86.0,66,40,11.41,scattered clouds
348,Warri,NG,5.52,5.75,78.4,87,95,5.03,light rain
349,Finschhafen,PG,-6.6,147.87,80.01,75,99,5.48,overcast clouds
350,Udgir,IN,18.38,77.12,61.63,60,0,5.06,clear sky
351,Kaeo,NZ,-35.1,173.78,51.01,94,24,8.55,few clouds
352,Awbari,LY,26.59,12.78,62.35,41,0,6.26,clear sky
353,Deogarh,IN,21.53,84.73,64.04,59,0,3.2,clear sky
354,Bhanpuri,IN,21.1,80.92,63.61,44,0,2.93,light rain
355,Kuldur,RU,49.22,131.63,9.1,91,87,5.84,overcast clouds
356,Baykit,RU,61.67,96.37,30.88,96,100,4.7,overcast clouds
357,Along,IN,28.17,94.77,56.8,58,0,1.92,clear sky
358,Porteirinha,BR,-15.74,-43.03,87.4,45,75,8.34,broken clouds
359,Yokadouma,CM,3.52,15.05,73.15,88,69,2.51,broken clouds
360,Isangel,VU,-19.55,169.27,75.34,84,62,15.77,broken clouds
361,Byron Bay,AU,-28.65,153.62,66.2,55,90,8.05,overcast clouds
362,Monzon,ES,41.91,0.19,55.4,93,82,1.12,mist
363,Ibra,OM,22.69,58.53,68.47,70,31,0.74,scattered clouds
364,Toktogul,KG,41.87,72.94,53.08,40,82,0.54,broken clouds
365,Jiazi,CN,22.88,116.07,69.06,61,24,16.33,few clouds
366,Makinsk,KZ,52.63,70.42,34.34,88,79,17.9,broken clouds
367,Mandalgovi,MN,45.76,106.27,26.11,86,0,3.87,clear sky
368,Charlestown,AU,-32.95,151.67,59.0,82,68,1.88,broken clouds
369,Senneterre,CA,48.38,-77.23,60.8,67,20,11.41,few clouds
370,Fort Nelson,CA,58.81,-122.7,6.8,84,20,4.7,few clouds
371,Deputatskiy,RU,69.3,139.9,-13.7,91,96,3.33,overcast clouds
372,Coihaique,CL,-45.58,-72.07,73.4,35,0,5.82,clear sky
373,Catamarca,AR,-28.47,-65.79,88.0,33,49,1.99,scattered clouds
374,Worthing,GB,50.81,-0.37,57.99,100,75,4.7,light intensity drizzle
375,Naze,JP,28.37,129.48,69.8,64,92,17.22,overcast clouds
376,Hofn,IS,64.25,-15.21,33.8,74,0,6.93,clear sky
377,Voznesenskaya,RU,44.55,41.03,44.87,71,0,4.09,clear sky
378,Ferrol,ES,43.48,-8.24,59.0,82,20,6.93,few clouds
379,Kalmunai,LK,7.42,81.82,81.3,80,57,7.81,heavy intensity rain
380,Opuwo,NA,-18.06,13.84,79.21,25,34,10.58,scattered clouds
381,Soyaux,FR,45.65,0.2,60.01,77,0,4.7,clear sky
382,Rawson,AR,-43.3,-65.1,80.71,26,90,12.17,overcast clouds
383,Samoded,RU,63.61,40.51,35.24,86,100,15.82,overcast clouds
384,Umm Kaddadah,SD,13.6,26.69,80.67,20,0,8.05,clear sky
385,Jaguey Grande,CU,22.53,-81.13,77.0,100,90,5.82,overcast clouds
386,Karasjok,NO,69.47,25.51,33.8,69,75,25.28,broken clouds
387,Axim,GH,4.87,-2.24,79.29,84,100,9.95,moderate rain
388,Mombasa,KE,-4.05,39.66,77.0,94,40,9.71,scattered clouds
389,Saint George,US,37.1,-113.58,45.0,56,90,10.29,overcast clouds
390,Hastings,GB,50.86,0.57,57.0,88,91,3.0,overcast clouds
391,Qingyuan,CN,23.7,113.03,71.6,28,0,15.66,clear sky
392,Mezen,RU,65.85,44.24,34.03,94,95,5.73,overcast clouds
393,Rudbar,AF,30.15,62.6,66.38,22,10,6.46,clear sky
394,Fortuna,US,40.6,-124.16,48.0,81,75,12.75,broken clouds
395,Grand Gaube,MU,-20.01,57.66,73.99,79,0,5.01,clear sky
396,Actopan,MX,20.27,-98.93,72.45,34,44,5.79,scattered clouds
397,Cananeia,BR,-25.01,-47.93,74.34,65,0,7.99,clear sky
398,Kruisfontein,ZA,-34.0,24.73,60.01,89,31,8.01,scattered clouds
399,Palaikastron,GR,35.2,26.25,64.99,63,0,11.99,clear sky
400,Riyadh,SA,24.69,46.72,78.8,34,0,4.7,clear sky
401,Ilulissat,GL,69.22,-51.1,12.2,56,75,17.22,broken clouds
402,Lesosibirsk,RU,58.24,92.48,36.68,84,83,6.71,broken clouds
403,Honningsvag,NO,70.98,25.97,35.6,80,75,12.75,shower rain
404,Jalu,LY,29.03,21.55,71.53,48,96,8.63,overcast clouds
405,Dukat,RU,62.55,155.55,-10.19,89,97,4.09,overcast clouds
406,Sakaiminato,JP,35.55,133.23,53.6,81,75,8.05,broken clouds
407,Arman,RU,59.7,150.17,6.42,86,85,16.11,overcast clouds
408,Abong Mbang,CM,3.98,13.18,70.68,71,13,1.63,few clouds
409,Blind River,CA,46.18,-82.96,64.4,67,1,9.17,clear sky
410,Malakal,SS,9.53,31.66,81.39,30,0,3.2,clear sky
411,Kargasok,RU,59.06,80.86,40.42,83,100,15.86,overcast clouds
412,Salinas,US,36.68,-121.66,55.4,54,75,24.16,broken clouds
413,Mount Isa,AU,-20.73,139.5,68.0,22,41,10.51,scattered clouds
414,Skowhegan,US,44.77,-69.72,61.0,71,90,3.36,overcast clouds
415,Santa Rosa,PH,14.31,121.11,80.6,88,20,4.7,few clouds
416,Coquimbo,CL,-29.95,-71.34,62.6,72,75,10.29,broken clouds
417,Toshkivka,UA,48.78,38.58,48.83,82,12,11.68,few clouds
418,Ketchikan,US,55.34,-131.65,35.6,71,75,4.7,broken clouds
419,Catuday,PH,16.29,119.81,80.19,80,100,11.05,moderate rain
420,Bani Walid,LY,31.76,13.99,64.06,66,34,8.63,scattered clouds
421,Bunia,CD,1.57,30.25,64.29,89,21,1.59,light rain
422,Mount Gambier,AU,-37.83,140.77,48.2,100,61,4.7,broken clouds
423,Pindushi,RU,62.92,34.58,32.79,89,7,12.03,clear sky
424,Egvekinot,RU,66.32,-179.17,13.53,94,68,7.99,broken clouds
425,Kysyl-Syr,RU,63.9,122.76,-9.54,90,12,3.96,few clouds
426,Stolin,BY,51.89,26.85,44.22,89,50,4.92,scattered clouds
427,Mayskiy,RU,47.69,40.1,48.2,93,0,11.18,clear sky
428,Novodugino,RU,55.63,34.28,43.9,80,93,9.84,overcast clouds
429,Kabinda,CD,-6.13,24.48,71.29,89,46,1.79,scattered clouds
430,Acapulco,MX,16.86,-99.89,87.8,66,5,6.17,clear sky
431,Shache,CN,38.42,77.24,34.93,64,75,1.3,broken clouds
432,Omsukchan,RU,62.53,155.8,-6.2,87,100,4.56,overcast clouds
433,Rundu,NA,-17.93,19.77,76.14,49,84,3.94,broken clouds
434,Saint-Francois,FR,46.42,3.91,59.0,77,90,2.24,overcast clouds
435,Roald,NO,62.58,6.13,46.4,93,75,9.17,broken clouds
436,Locri,IT,38.24,16.26,66.2,72,20,12.75,few clouds
437,Duncan,US,34.5,-97.96,73.99,64,75,24.16,broken clouds
438,Naberera,TZ,-4.2,36.93,67.75,76,56,14.47,light rain
439,Bereda,ES,43.27,-7.54,55.99,97,25,8.01,scattered clouds
440,Mitsamiouli,KM,-11.38,43.28,80.06,81,75,11.32,light rain
441,Langsa,ID,4.47,97.97,75.97,89,100,3.4,light rain
442,Alyangula,AU,-13.85,136.42,77.0,94,7,7.11,clear sky
443,Goundam,ML,16.41,-3.67,87.89,12,0,8.7,clear sky
444,Yamada,JP,39.47,141.95,40.96,67,0,9.22,clear sky
445,Rio Grande,BR,-32.03,-52.1,77.0,65,40,14.99,scattered clouds
446,Quatre Cocos,MU,-20.21,57.76,73.99,94,75,6.93,broken clouds
447,Dhidhdhoo,MV,6.88,73.1,83.71,73,53,6.78,broken clouds
448,Miercurea-Ciuc,RO,46.35,25.8,43.0,91,0,1.05,clear sky
449,Bathsheba,BB,13.22,-59.52,87.8,70,40,17.22,scattered clouds
450,Dongsheng,CN,39.82,109.98,31.15,85,0,1.74,clear sky
451,Tevriz,RU,57.51,72.4,33.37,92,100,14.54,overcast clouds
452,Ugoofaaru,MV,5.67,73.0,83.8,76,64,11.12,light rain
453,Miles City,US,46.41,-105.84,30.2,86,90,20.8,light snow
454,Asau,RO,46.43,26.4,43.0,91,0,2.46,clear sky
455,Palau,PW,7.5,134.62,80.6,78,90,12.75,overcast clouds
456,Tolaga Bay,NZ,-38.37,178.3,57.2,88,92,6.06,overcast clouds
457,Auki,SB,-8.77,160.7,77.07,83,19,3.31,few clouds
458,Iqaluit,CA,63.75,-68.51,19.4,73,75,10.29,broken clouds
459,Acari,PE,-15.43,-74.62,75.69,44,59,10.38,broken clouds
460,Newcastleton,GB,55.18,-2.81,48.2,100,100,8.05,overcast clouds
461,Poronaysk,RU,49.22,143.12,24.28,86,28,10.0,scattered clouds
462,Hambantota,LK,6.12,81.12,80.8,75,44,1.16,scattered clouds
463,Port Hardy,CA,50.7,-127.42,42.8,69,20,4.7,few clouds
464,Tshela,CD,-4.98,12.93,74.62,94,100,3.38,overcast clouds
465,Kangaatsiaq,GL,68.31,-53.46,14.72,89,80,7.02,broken clouds
466,Aleksandrovskiy Zavod,RU,50.92,117.94,8.8,89,33,2.3,scattered clouds
467,Nha Trang,VN,12.25,109.18,82.4,69,40,19.46,scattered clouds
468,Saint-Pierre,RE,-21.34,55.48,75.2,78,0,14.99,clear sky
469,Mehamn,NO,71.04,27.85,35.6,80,75,12.75,shower rain
470,Umarkhed,IN,19.6,77.7,62.62,56,0,1.52,clear sky
471,Tupik,RU,54.43,119.93,1.42,88,0,2.42,clear sky
472,Vardo,NO,70.37,31.11,33.8,86,0,33.33,clear sky
473,South Lake Tahoe,US,38.93,-119.98,26.01,85,90,8.57,fog
474,Moindou,NC,-21.69,165.68,66.2,82,0,2.24,clear sky
475,San Policarpo,PH,12.18,125.51,77.67,87,94,6.2,light rain
476,Brewster,US,41.4,-73.62,73.99,37,1,3.36,clear sky
477,Jinxiang,CN,27.43,120.61,59.95,58,12,16.82,few clouds
478,Broken Hill,AU,-31.95,141.43,66.2,25,76,9.17,broken clouds
479,Montepuez,MZ,-13.13,39.0,77.81,67,43,10.98,scattered clouds
480,Matara,LK,5.95,80.54,78.39,82,84,1.92,light rain
481,Elk River,US,45.3,-93.57,68.0,63,0,1.99,clear sky
482,Merauke,ID,-8.47,140.33,79.38,86,87,10.38,light rain
483,Ulaanbaatar,MN,47.91,106.88,10.4,85,0,2.24,clear sky
484,Krasnoselkup,RU,65.7,82.47,32.52,98,100,8.01,overcast clouds
485,Nishihara,JP,26.18,127.76,73.4,60,75,12.75,light rain
486,Khandyga,RU,62.67,135.6,-14.67,88,76,2.1,broken clouds
487,Maraba,BR,-5.37,-49.12,95.0,50,40,6.93,scattered clouds
488,Klyuchi,RU,52.27,79.17,46.33,57,100,11.01,overcast clouds
489,Reserva,BR,-24.65,-50.85,89.73,23,0,4.12,clear sky
490,Rohri,PK,27.69,68.9,69.8,73,0,3.85,haze
491,Bairiki,KI,1.33,172.98,80.6,78,75,6.93,broken clouds
492,Gelemso,ET,8.82,40.52,62.6,76,92,3.09,light rain
493,Havre-Saint-Pierre,CA,50.23,-63.6,30.2,54,1,8.05,clear sky
494,Antalaha,MG,-14.9,50.28,74.12,88,94,9.69,light rain
495,Manta,EC,-0.95,-80.73,80.6,65,75,9.17,broken clouds
496,Sneek,NL,53.03,5.66,50.0,89,6,5.99,clear sky
497,Morehead,US,37.27,-87.18,81.0,36,1,6.93,clear sky
498,Roma,US,43.21,-75.46,68.0,42,1,4.7,clear sky
499,Tupancireta,BR,-29.08,-53.84,82.6,47,84,8.97,broken clouds
500,Ust-Tsilma,RU,65.44,52.15,30.38,97,99,7.16,overcast clouds
501,Wenling,CN,28.37,121.36,53.01,79,0,11.83,clear sky
502,Mubi,NG,10.27,13.26,78.67,31,50,3.49,scattered clouds
503,Carman,CA,49.5,-98.0,41.0,80,100,10.29,overcast clouds
504,Banda Aceh,ID,5.56,95.32,79.14,80,95,2.48,overcast clouds
505,Najran,SA,17.49,44.13,75.2,22,0,6.93,clear sky
506,Chabahar,IR,25.29,60.64,77.67,75,0,7.4,clear sky
507,Fallon,US,39.47,-118.78,33.8,80,40,8.05,scattered clouds
508,Ginda,IN,30.69,78.49,49.06,48,0,4.09,clear sky
509,Mondolfo,IT,43.75,13.1,54.0,100,52,4.7,mist
510,Astana,KZ,51.18,71.45,35.6,93,90,17.9,overcast clouds
511,Pochutla,MX,15.74,-96.47,90.0,58,40,5.97,scattered clouds
512,Oltu,TR,40.55,42.0,42.73,64,0,2.24,clear sky
513,Southbridge,US,42.08,-72.03,75.0,28,9,2.91,clear sky
514,Anton Lizardo,MX,19.05,-95.98,82.99,69,40,4.05,scattered clouds
515,Qaqortoq,GL,60.72,-46.03,33.8,80,90,4.7,light rain and snow
516,Kahului,US,20.89,-156.47,78.8,65,1,16.11,clear sky
517,Nelson Bay,AU,-32.72,152.15,55.0,93,75,4.7,broken clouds
518,Saint Anthony,US,45.02,-93.22,69.01,59,1,21.92,clear sky
519,Shizunai,JP,42.33,142.37,45.1,73,96,28.57,overcast clouds
520,Strezhevoy,RU,60.73,77.59,32.0,97,90,6.71,light snow
521,Kushima,JP,31.46,131.23,50.0,66,20,3.36,few clouds
522,Tateyama,JP,34.98,139.87,60.01,30,48,3.0,scattered clouds
523,Yashalta,RU,46.34,42.28,48.16,64,0,9.93,clear sky
524,Natal,BR,-5.79,-35.21,84.2,70,40,21.92,shower rain
525,Sur,OM,22.57,59.53,76.68,65,0,4.18,clear sky
526,Vostok,RU,46.49,135.88,18.05,98,100,5.21,light snow
527,Bijawar,IN,24.63,79.5,63.07,30,0,1.39,clear sky
528,North Bend,US,43.41,-124.22,44.6,75,75,4.7,broken clouds
529,San Ramon De La Nueva Oran,AR,-23.13,-64.33,99.0,26,19,1.99,few clouds
530,Shubarkuduk,KZ,49.14,56.49,39.79,71,94,20.42,overcast clouds
531,Dese,ET,11.13,39.63,51.84,60,46,1.16,scattered clouds
532,Xifeng,CN,42.74,124.72,24.76,77,14,6.49,few clouds
533,Nieuw Amsterdam,SR,5.88,-55.08,91.4,55,40,5.82,scattered clouds
534,Birjand,IR,32.87,59.22,51.8,21,0,6.93,clear sky
535,Gao,ML,16.64,1.64,82.81,14,4,9.48,clear sky
536,Emba,KZ,48.83,58.14,37.94,76,95,19.57,overcast clouds
537,Puerto Ayacucho,VE,5.66,-67.62,85.71,67,90,2.64,overcast clouds
538,Sri Aman,MY,1.24,111.46,75.2,94,100,2.24,moderate rain
539,Sabya,SA,17.15,42.63,87.8,62,0,8.05,clear sky
540,Leh,IN,34.17,77.58,32.16,59,0,0.74,clear sky
541,Paamiut,GL,61.99,-49.67,25.81,87,100,42.52,overcast clouds
542,Mtwara,TZ,-10.27,40.18,78.8,83,20,6.93,few clouds
543,Lake Havasu City,US,34.48,-114.32,59.0,42,1,17.22,clear sky
544,Porangatu,BR,-13.44,-49.15,91.89,42,52,6.44,broken clouds
545,Orapa,BW,-21.28,25.37,85.57,32,88,1.92,light rain
546,Freeport,US,40.66,-73.58,75.2,33,1,1.14,clear sky
547,Vershino-Darasunskiy,RU,52.35,115.52,11.89,94,89,1.74,overcast clouds
548,Shimoda,JP,34.67,138.95,52.0,86,0,15.82,clear sky
549,Taoudenni,ML,22.68,-3.98,85.57,13,100,5.39,overcast clouds
550,Itiuba,BR,-10.69,-39.85,85.98,49,72,11.23,broken clouds
551,Manzanillo,CU,20.34,-77.12,82.99,80,100,16.82,overcast clouds
552,Swan River,CA,52.11,-101.27,21.2,92,100,12.75,light rain
553,Bourg-Les-Valence,FR,44.96,4.91,57.2,93,90,3.36,overcast clouds
554,Trollhattan,SE,58.23,12.42,48.2,81,13,6.93,few clouds
555,Barentu,ER,15.11,37.59,78.8,32,7,5.08,clear sky
556,Tabou,CI,4.42,-7.35,80.01,83,79,7.31,light rain
557,Corn Island,NI,12.17,-83.04,82.87,75,7,9.15,clear sky
558,Itaituba,BR,-4.28,-55.98,95.0,53,40,5.82,scattered clouds
559,Sorkjosen,NO,69.8,20.93,33.8,74,75,13.87,light rain
560,Springfield,US,37.22,-93.3,70.0,82,90,16.11,overcast clouds
561,Hualmay,PE,-11.1,-77.61,69.17,63,80,11.88,broken clouds
562,Murwillumbah,AU,-28.32,153.4,64.0,72,90,5.82,overcast clouds
563,Kamarion,GR,36.8,25.82,64.4,59,20,9.17,few clouds
564,Teluknaga,ID,-6.1,106.64,78.8,78,20,2.24,haze
565,Zyryanka,RU,65.75,150.85,-3.8,92,99,6.76,overcast clouds
566,Sain Alto,MX,23.58,-103.25,71.71,23,0,4.92,clear sky
567,Villacarrillo,ES,38.12,-3.08,57.0,87,65,1.52,broken clouds
568,Salumbar,IN,24.13,74.05,69.82,30,0,4.56,clear sky
569,Hay River,CA,60.82,-115.8,14.0,78,1,5.82,clear sky
570,Jining,CN,35.41,116.58,52.0,1,0,4.45,clear sky
571,Tabory,RU,58.52,64.55,31.24,97,100,7.94,overcast clouds
572,Soyo,AO,-6.13,12.37,78.85,84,78,10.29,broken clouds
573,Vaitape,PF,-16.52,-151.75,79.25,75,0,13.24,light rain
574,Otjiwarongo,NA,-20.46,16.65,89.6,14,37,8.05,scattered clouds
575,Alofi,NU,-19.06,-169.92,66.2,100,8,4.7,clear sky
576,Canyon Lake,US,29.88,-98.26,75.0,74,66,5.01,broken clouds
577,Hurghada,EG,27.26,33.81,77.0,47,0,3.36,clear sky
578,Igrim,RU,63.19,64.42,28.45,98,90,0.98,overcast clouds
579,Havoysund,NO,71.0,24.66,35.6,80,75,12.75,shower rain
580,Boden,SE,65.83,21.69,35.6,74,0,3.36,clear sky
581,Maragogi,BR,-9.01,-35.22,80.31,73,36,11.68,scattered clouds
582,Mengcheng,CN,33.26,116.57,51.22,47,0,5.75,clear sky
583,Kropotkin,RU,45.44,40.58,48.29,64,0,6.11,clear sky
584,Imeni Poliny Osipenko,RU,52.42,136.49,7.86,87,71,5.88,broken clouds
585,Bilma,NE,18.69,12.92,70.2,32,0,3.15,clear sky
586,Mequon,US,43.24,-87.98,66.99,63,90,8.05,overcast clouds
587,Praia,CV,14.92,-23.51,84.2,62,40,19.46,scattered clouds
588,Adeje,ES,28.12,-16.73,73.99,64,20,12.75,few clouds
589,Vila Velha,BR,-20.33,-40.29,84.2,74,20,19.46,few clouds
590,Sorong,ID,-0.88,131.25,79.59,82,100,3.56,overcast clouds
591,Ankpa,NG,7.37,7.63,79.66,60,82,1.36,broken clouds
592,Mugur-Aksy,RU,50.35,90.5,20.8,87,0,6.87,clear sky
593,Perth,AU,-31.93,115.83,60.01,93,20,4.7,few clouds
594,Vao,NC,-22.67,167.48,71.69,73,0,14.81,clear sky
595,Beihai,CN,21.48,109.1,70.38,58,24,16.8,few clouds
596,Lac Du Bonnet,CA,50.25,-96.06,44.6,87,97,4.7,overcast clouds
597,Sorland,NO,67.67,12.69,44.6,87,75,29.97,shower rain
598,Quang Ngai,VN,15.12,108.8,73.94,89,99,10.27,light rain
599,Colares,PT,38.8,-9.45,64.0,93,20,6.93,few clouds
600,Sol-Iletsk,RU,51.16,54.99,42.69,72,99,21.34,light rain
601,Derzhavinsk,KZ,51.1,66.32,35.92,80,93,21.32,overcast clouds
602,Sistranda,NO,63.73,8.83,41.0,86,75,8.05,light rain
603,Hobyo,SO,5.35,48.53,81.12,80,6,14.81,clear sky
604,Chaman,PK,30.92,66.45,48.78,50,0,1.9,clear sky
605,Polyarnyye Zori,RU,67.37,32.5,30.83,91,47,16.46,scattered clouds
606,Kokopo,PG,-4.35,152.26,76.87,86,32,3.65,scattered clouds
607,North Platte,US,41.12,-100.77,68.0,52,1,27.51,clear sky
608,Hua Hin,TH,12.57,99.96,79.25,78,45,12.66,light rain
609,Ippy,CF,6.27,21.22,73.65,73,19,1.81,few clouds
610,Slave Lake,CA,55.28,-114.77,19.4,79,90,10.29,overcast clouds
611,Synya,RU,65.37,58.04,28.63,99,94,4.47,overcast clouds
612,Barstow,US,34.9,-117.02,51.8,43,1,26.4,clear sky
613,Akyab,MM,20.15,92.9,78.19,81,0,5.55,clear sky
614,Waddan,LY,29.16,16.14,63.9,63,54,9.71,broken clouds
615,Baoshan,CN,46.56,131.42,18.82,91,1,8.12,clear sky
616,Verkhnevilyuysk,RU,63.45,120.32,-5.67,90,0,2.8,clear sky
617,Stornoway,GB,58.21,-6.39,50.0,93,75,2.24,broken clouds
618,Kant,IN,27.8,79.8,67.33,28,0,4.29,clear sky
619,Verkhovye,RU,52.81,37.24,45.39,85,93,13.65,overcast clouds
620,Griffith,US,41.53,-87.42,73.4,53,40,13.87,scattered clouds
621,Zilair,RU,52.23,57.44,35.26,94,99,21.36,overcast clouds
622,Ustka,PL,54.58,16.86,47.17,85,18,4.63,few clouds
623,Starkville,US,33.45,-88.82,79.0,64,40,11.41,scattered clouds
624,Te Anau,NZ,-45.42,167.72,42.12,85,21,1.61,few clouds
625,Aguimes,ES,27.91,-15.45,71.6,73,75,9.17,broken clouds
626,Tura,IN,25.52,90.22,66.22,73,0,4.12,clear sky
627,Wattegama,LK,6.8,81.48,76.12,86,61,3.51,light rain
628,Circleville,US,39.6,-82.95,75.99,33,1,4.52,clear sky
629,Sandnessjoen,NO,66.02,12.63,44.6,75,40,19.46,scattered clouds
630,Rudnogorsk,RU,57.26,103.75,31.71,98,86,7.52,overcast clouds
631,Mareeba,AU,-17.0,145.43,78.8,74,90,12.75,overcast clouds
632,Maniitsoq,GL,65.42,-52.9,16.81,80,0,16.53,clear sky
633,Menongue,AO,-14.66,17.69,73.35,55,68,6.82,light rain
634,Pendleton,US,45.67,-118.79,33.01,100,90,16.11,snow
635,Kribi,CM,2.95,9.92,78.04,83,60,5.64,broken clouds
636,Bell Ville,AR,-32.63,-62.69,83.14,35,100,8.72,light rain
637,Berlevag,NO,70.86,29.09,33.8,74,75,28.86,broken clouds
638,Hakodate,JP,41.78,140.74,39.2,85,75,17.22,light intensity shower rain
639,Moree,AU,-29.47,149.85,59.0,62,29,8.05,scattered clouds
640,Kamenskiy,RU,50.89,45.49,45.97,100,87,11.12,overcast clouds
641,Ust-Kuyga,RU,70.02,135.6,-25.33,84,100,6.29,overcast clouds
642,Gunjur,GM,13.2,-16.73,95.0,53,5,3.36,clear sky
643,Fomboni,KM,-12.28,43.74,81.52,73,100,3.53,overcast clouds
644,Iwaki,JP,37.05,140.88,53.01,52,61,13.0,broken clouds
645,Tornio,FI,65.85,24.15,24.8,85,0,3.36,clear sky
646,Vila Do Maio,CV,15.13,-23.22,84.2,62,40,19.46,scattered clouds
647,Karakol,KG,42.49,78.39,41.27,55,70,3.94,broken clouds
648,Herzberg,DE,51.69,13.22,41.0,93,20,2.24,few clouds
649,Carbonia,IT,39.17,8.52,66.2,88,20,6.93,few clouds
650,Tiznit,MA,29.58,-9.5,66.29,57,0,5.14,clear sky
651,Kidal,ML,18.44,1.41,79.29,17,0,10.85,clear sky
652,Makakilo City,US,21.35,-158.09,77.0,83,1,3.36,clear sky
653,Bonthe,SL,7.53,-12.51,81.45,80,44,4.45,light rain
654,Lubin,PL,51.4,16.2,46.99,93,0,2.24,fog
655,Aksarka,RU,66.56,67.8,22.6,98,97,4.83,light snow
656,Noumea,NC,-22.28,166.46,66.2,82,0,2.24,clear sky
657,Lanigan,CA,51.85,-105.03,17.6,85,100,20.8,light rain
658,Kokkola,FI,63.84,23.13,41.0,86,0,4.7,clear sky
659,Neuquen,AR,-38.95,-68.06,73.4,60,75,3.36,broken clouds
660,Wonthaggi,AU,-38.6,145.59,55.0,89,0,6.91,clear sky
661,Ayagoz,KZ,47.97,80.44,49.05,39,100,7.72,overcast clouds
662,Cairns,AU,-16.92,145.77,78.8,69,90,10.29,overcast clouds
663,Gondanglegi,ID,-7.75,112.01,76.37,77,100,7.2,overcast clouds
664,Tokur,RU,53.13,132.9,-0.54,93,23,3.09,few clouds
665,South River,US,40.45,-74.39,75.99,40,0,1.68,clear sky
666,Ajdabiya,LY,30.76,20.23,67.14,53,0,15.9,clear sky
667,Makamba,BI,-4.13,29.8,65.62,80,58,2.13,broken clouds
668,Krasnoborsk,RU,61.56,45.93,33.91,93,99,14.76,moderate rain
669,Calama,CL,-22.47,-68.93,75.2,8,0,19.46,clear sky
670,Los Llanos De Aridane,ES,28.66,-17.92,71.6,64,75,9.17,broken clouds
671,Jiayuguan,CN,39.82,98.3,34.32,61,0,2.62,clear sky
672,Lokoja,NG,7.8,6.74,83.93,55,88,3.22,overcast clouds
673,Barranca,PE,-10.75,-77.77,68.09,66,66,12.08,broken clouds
674,Port Hedland,AU,-20.32,118.57,71.6,78,0,6.93,clear sky
675,Valparaiso,CL,-33.04,-71.63,59.0,76,90,9.17,overcast clouds
